1. ,Jogurt s opečeným ananásom a kokosom
,25 min
,Postup prípravy:
,"Ananás nakrájajte na kocky. Marinujte v citrónovej šťave vymiešanej s medom. Ananás orestujte na panvici alebo na
grile. Primiešajte jogurt a posypte kokosom. Môžete podávať teplé alebo studené."
,
,
,INGREDIENCIE
,2 x balenie jogurt biely napr. Rajo Active Protein (360 g)
,1 a 1⁄2 koliesko ananás (210 g)
,2 ČL kokos mletý (10 g)
,1⁄2 ČL med včelí (3.5 g)
,1 PL šťava citrónová (12 g)
,
,
,
2. ,Lososová nátierka s pečivom
,15 min
,Postup prípravy:
,"Lučinu/cottage cheese, lososa a kyslú smotanu (ak uvádza recept) vložte do mixéra a rozmixujte dohladka. Dochuťte"
,bielym korením a štipkou soli. Nakoniec pridajte červenú papriku a všetko spolu dôkladne zamiešajte. Pečivo môžete
,opiecť z oboch strán na suchej panvici. Nátierku natrite na pečivo a podávajte so zeleninou. Pokiaľ si želáte pripraviť
,"nátierku na viac dní, množstvá jednotlivých ingrediencií vynásobte počtom porcií."
,
,INGREDIENCIE
,1 a 1⁄2 krajec chlieb celozrnny (75 g) 
,150 x g cottage cheese
,50 g losos pečený
,2 ks paprika žltá (150 g)
,Ďalšie ingrediencie:
,"biele mleté korenie, soľ, mletá červená paprika (ak na prísady nie ste alergická)"
,
,
,
3. ,Mozzarella s pečivom
,5 min
,Postup prípravy:
,"Paradajky umyte a nakrájajte na požadované kúsky. Mozzarellu natrhajte a pokiaľ recept uvádza, pokvapkajte olejom."
,Konzumujte s pečivom. Môžete posypať podľa chuti bylinkami.
,
,INGREDIENCIE
,2 krajec chlieb celozrnny (100 g) 
,1⁄2 ks mozzarella (62.5 g)
,13 ks cherry paradajky (156 g)
,Ďalšie ingrediencie:
,"bazalka, byinková soľ (ak na prísady nie ste alergická)"
,
,
,
4.,Ananás s tvarohom
,5 min
,Postup prípravy:
,"Pokrájajte ananás, pridajte mlieko/jogurt, tvaroh, semienka a rozmixujte dohladka."
,
,INGREDIENCIE
,10 a 1⁄2 PL jogurt bielkovinový napr. Skyr Pilos (210g)
,6 a 1⁄2 PL tvaroh tučný (110.5 g)
,1 koliesko ananás (140 g)
,1⁄2 ČL chia semienka (1.5 g)
,
,
,
5.,Ananásovo-banánové smoothie
,5 min
,Postup prípravy:
,"Ovocie nakrájajte a spolu so zvyšnými ingredienciami zmixujte. Vodu pridávajte podľa hustoty, ktorú chcete"
,dosiahnuť.
,
,INGREDIENCIE
,4 dl mandľové mlieko (400 g)
,1 stredný kus banány (90 g)
,1 koliesko ananás (140 g)
,2 ČL konopné semienka lúpané napr. Bio Nebio (7 g)
,1⁄2 kus citróny (60 g)
,Ďalšie ingrediencie:
,zázvor (ak na prísady nie ste alergická)
,
,
,
6.,Chia jogurt s ovocím
,5 min
,Postup prípravy:
,"Jogurt vylejte do misky, pridajte chia semienka a ovocie."
,
,INGREDIENCIE
,2 a 1⁄2 x balenie jogurt biely napr. Rajo Active Protein (450 g)
,2 ks kiwi (178 g)
,2 ČL chia semienka (6 g)
,
,
,
7.,"Cottage cheese s pestom, zeleninou a pečivom"
,5 min
,Postup prípravy:
,"Do cottage cheese vmiešajte pesto. Zmes rovnomerne naneste na pečivo. Konzumujte spolu s nakrájanou zeleninou,"
,pokiaľ je tak uvedené. Pridajte ľubovoľné bylinky a koreniny.
,
,INGREDIENCIE
,1 a 1⁄2 krajec chlieb celozrnný (75 g) 
,1 balenie cottage cheese biely (180 g)
,1 ČL pesto bazalkové BIO (9 g)
,8 ks reďkovka (136 g)
,Ďalšie ingrediencie:
,"bylinky (kurkuma, medvedí cesnak, bazalka), koreniny, pažítka (ak na prísady nie ste alergická)"
,
,
,
8.,"Vločky s ovocím, jogurtom alebo mliekom"
,5 min
,Postup prípravy:
,"Vločky nasypte do misky, zalejte studeným alebo teplým mliekom (jogurtom, ak je v recepte uvedený) a pridajte"
,"pokrájané ovocie. Na záver podrvte niekoľko orechov a vysypte do misky, prípadne prilejte trochu oleja, len ak je v"
,"recepte uvedený. V prípade, že vločky pomaly mäknú alebo sa vám zdá, že jedlo má príliš hustú konzistenciu, prilejte"
,"trochu prevarenej vody. Ak je mlieka, ktorým máte vločky zaliať, priveľa, zvyšok vypite ako nápoj. Ak recept uvádza,"
,pridajte med/sirup.
,
,INGREDIENCIE
,4 a 1⁄2 PL kukuričné vločky (49.5 g)
,7 ks orechy vlašské (21 g)
,6 a 1⁄2 PL jogurt bielkovinový napr. Skyr Pilos (130g)
,5 ks jahody záhradné (65 g)
,Ďalšie ingrediencie:
,škorica (ak na prísady nie ste alergická)
,
,
,
9.,Smoothie z arašidového masla
,5 min
,Postup prípravy:
,Všetky ingrediencie zmixujte a vylejte do pohára.
,
,INGREDIENCIE
,4 a 1⁄2 dl mandľové mlieko (450 g)
,1 PL arašidové maslo (17 g)
,1 menší kus banány (65 g)
,6 ks orechy kešu (9 g)
,1⁄2 PL javorový sirup (6 g)
,
,
,
10.,Amarantová kaša s ovocím
,5 min
,Postup prípravy:
,"Amarantové vločky namočte do jogurtu (alebo mlieka, podľa toho ako uvádza recept) a pomiešajte. Pridajte"
,"čučoriedky (alebo najemno nastrúhané/nakrájané jablko, podľa toho ako uvádza recept), tvaroh a posypte"
,rozmixovanými semienkami.
,
,INGREDIENCIE
,9 a 1⁄2 PL amarantové perličky napr. Mariana (66.5 g)
,"3 balenie jogurt biely (max. 0,3 % tuku) (450 g)"
,"2 PL tvaroh jemný hrudkový 2,5 % napr. Pilos (34 g)"
,2 ČL chia semienka (6 g)
,4 x 5 bobúľ čučoriedky (36 g)
,
,
,
11.,Paprikovo-paradajková nátierka s pečivom
,60 min
,Postup prípravy:
,Nátierku je praktickejšie si pripraviť vopred na viac porcií. Množstvá jednotlivých ingrediencií vynásobte počtom
,porcií. Očistenú papriku vložte do mixéra s papričkami chilli a paradajkami a rozmixujte. Vylejte do hrnca. Dochuťte
,"soľou. Varte na miernom ohni cca 2 hodiny, kým sa voda neodparí. Občas premiešajte. Nakoniec pridajte olivový olej"
,"a zamiešajte. Keď je zmes uvarená, naplňte malé fľaštičky po okraj. Utrite vrch fľaštičiek a uzatvorte viečkom. Otočte"
,"hore dnom. Prikryte utierkou a nechajte vychladnúť. Pre viac porcií, roznásobte ingrediencie. Pridajte cottage cheese"
,a podávajte s pečivom.
,
,INGREDIENCIE
,1 a 1⁄2 krajec chlieb celozrnný (75 g) 
,130 x g cottage cheese biely napr. Rajo
,1 ČL olivový olej (5 g)
,2 ks rajčiny (150 g)
,1 a 1⁄2 ks paprika zeleninová (112.5 g)
,Ďalšie ingrediencie:
,"chilli, soľ (ak na prísady nie ste alergická)"
,
,
,
12.,Jahodové guacamole
,5 min
,Postup prípravy:
,"Avokádo roztlačte vidličkou, pridajte biely jogurt, nakrájané jahody a korenie podľa chuti. Podávajte s pečivom. Pokiaľ"
,"recept uvádza, posypte nátierku drvenými semienkami."
,
,INGREDIENCIE
,2 krajec chlieb celozrnný (100 g) 
,4 PL jogurt bielkovinový napr. Skyr Pilos (80 g)
,45 g avokádo
,5 ks jahody záhradné (65 g)
,Ďalšie ingrediencie:
,"čierne korenie, soľ, chilli (ak na prísady nie ste alergická)"
,
,
,
13.,Kakaovo/Karobovo-tvarohové smoothie
,10 min
,Postup prípravy:
,"Všetky ingrediencie vložte do mixéra, pridajte vodu (podľa hustoty, ktorú obľubujete, radšej menej a neskôr pridajte)"
,"a nakoniec rozmixujte. Podľa chuti pridajte štipku škorice. V prípade, že nemáte k dispozícii mixér, ingrediencie"
,zmiešajte a poriadne popučte.
,
,INGREDIENCIE - ALTERNATíVA 1
,"1 x balenie tvaroh jemný hrudkový 2,5 % napr. Pilos (250 g)"
,5 ks orechy vlašské (15 g)
,1 stredný kus banány (90 g)
,5 x 5 bobúľ čučoriedky (45 g)
,1 ČL karob (rohovník obyčajný) (8 g)
,
,INGREDIENCIE - ALTERNATÍVA 2
,"1 x balenie tvaroh jemný hrudkový 2,5 % napr. Pilos (250 g)"
,5 ks orechy vlašské (15 g)
,1 stredný kus banány (90 g)
,1 ČL kakaový prášok BIO (8 g)
,5 ks jahody záhradné (65 g)
,
,INGREDIENCIE - ALTERNATÍVA 3
,"1 x balenie tvaroh jemný hrudkovitý 2,5 % (250 g)"
,5 ks orechy vlašské (15 g)
,1 stredný kus banány (90 g)
,1 ČL kakaový prášok BIO (8 g)
,5 x 5 bobúľ čučoriedky (45 g)
,
,INGREDIENCIE - ALTERNATÍVA 4
,"1 x balenie tvaroh jemný hrudkovitý 2,5 % (250 g)"
,5 ks orechy vlašské (15 g)
,1 stredný kus banány (90 g)
,5 ks jahody záhradné (65 g)
,1 ČL karob (rohovník obyčajný) (8 g)
,Ďalšie ingrediencie:
,škorica (ak na prísady nie ste alergická)
,
,
,
14.,Banánovo-jablkový šalát so semienkami
,5 min
,Postup prípravy:
,"Banán a jablko pokrájajte, posypte semienkami. Primiešajte povarenú prílohu. Na záver môžete pokvapkať citrónovou"
,"šťavou. Prílohu si pokojne pripravte aj na viac dní, aby ste ju nemuseli pripravovať každý deň."
,
,INGREDIENCIE
,14 a 1⁄2 PL amarantové perličky napr. Mariana (101.5 g)
,2 ČL konopné semienka lúpané napr. Bio Nebio (7 g)
,1⁄2 menší kus banány (32.5 g)
,1⁄2 x menší kus jablká (52.5 g)
,1⁄2 ČL sezamové semená (1.5 g)
,Ďalšie ingrediencie:
,citrónová šťava (ak na prísady nie ste alergická)
,
,
,
15.,Avokádovo-proteínové smoothie
,10 min
,Postup prípravy:
,"Avokádo ošúpte a rozštvrťte. Potom spolu s ovocím, trochou zázvoru a lístkami mäty alebo limetkou vložte do"
,"mixéra. Pridajte vodu (o niečo viac ako mlieka) a spolu s proteínom rozmixujte. V prípade, že nemáte k dispozícii"
,"mixér, ingrediencie zmiešajte a poriadne popučte."
,
,INGREDIENCIE - ALTERNATÍVA 1
,3 PL hrachový proteín - prášok (30 g)
,55 g avokádo
,15 ks jahody záhradné (195 g)
,1 a 1⁄2 dl mandľové mlieko (150 g)
,10 x 5 bobúľ čučoriedky (90 g)
,
,INGREDIENCIE - ALTERNATÍVA 2
,3 PL hrachový proteín - prášok (30 g)
,1 stredný kus banány (90 g)
,55 g avokádo
,1 a 1⁄2 dl mandľové mlieko (150 g)
,3 PL maliny (63 g)
,Ďalšie ingrediencie:
,"niekoľko lístkov mäty, limetka, zázvor podľa chuti (ak na prísady nie ste alergická)"
,
,
,
16.,Tekvicová nátierka s pečivom
,20 min
,Postup prípravy:
,"Rúru predhrejte na 180  ̊C. Tekvicu nakrájajte na kocky. Tekvicu dajte na plech, okoreňte, polejte olivovým olejom a"
,dajte zapiecť na 15 - 20 minút alebo kým nie je tekvica mäkká. Rozmixujte spolu s fazuľou do hladka. Fazuľu namočte
,"pred varením na 12 hodín, opláchnite a následne varte približne hodinu, kým nie je mäkká. Pokiaľ použijete fazuľu z"
,"konzervy, nezabudnite ju predtým poriadne opláchnuť. Nakoniec ešte osoľte a ochuťte. Podávajte vychladené s"
,"pečivom a nakrájanou zeleninou. Pokiaľ si želáte pripraviť nátierku na viac dní, množstvá jednotlivých ingrediencií"
,vynásobte počtom porcií.
,
,INGREDIENCIE
,70 g fazuľa biela napr. ALBERT BIO
,1 krajec chlieb celozrnný (50 g) 
,140 x g tekvica Hokkaido
,1 a 1⁄2 ČL olivový olej (7.5 g)
,1⁄2 miska objem (300 ml) ľadový šalát (40 g)
,Ďalšie ingrediencie:
,"kari korenie, mletá razca, chilli, (ak na prísady nie ste alergická)"
,
,
,
17.,"Vločky s tvarohom, maslom a ovocím"
,5 min
,Postup prípravy:
,"Vločky nasypte do misky. Pridajte pokrájané ovocie, tvaroh a orechové maslo. Zalejte studeným alebo teplým"
,"mliekom. V prípade, že vločky pomaly mäknú alebo sa vám zdá, že jedlo má príliš hustú konzistenciu, prilejte trochu"
,"prevarenej vody. Ak je mlieka, ktorým máte vločky zaliať, priveľa, zvyšok vypite ako nápoj. Môžete posypať škoricou."
,
,INGREDIENCIE - ALTERNATÍVA 1
,4 a 1⁄2 PL ryžové vločky napr. Wolfberry (49.5 g)
,"8 a 1⁄2 PL tvaroh jemný hrudkovitý 2,5 % (144.5 g)"
,2 a 1⁄2 ČL arašidové maslo (12.5 g)
,1 x 100 ml mandľové mlieko (100 g)
,6 ks jahody záhradné (78 g)
,
,INGREDIENCIE - ALTERNATÍVA 2
,4 a 1⁄2 PL ryžové vločky napr. Wolfberry (49.5 g)
,"7 a 1⁄2 PL tvaroh jemný hrudkovitý 2,5 % (127.5 g)"
,15 g mandľové maslo
,1 x 100 ml mandľové mlieko (100 g)
,7 x 5 bobúľ čučoriedky (63 g)
,
,INGREDIENCIE - ALTERNATÍVA 3
,4 a 1⁄2 PL kukuričné vločky (49.5 g)
,"7 PL tvaroh jemný hrudkovitý 2,5 % (119 g)"
,3 ČL arašidové maslo (15 g)
,1 x 100 ml mandľové mlieko (100 g)
,2 a 1⁄2 x PL maliny (52.5 g)
,
,INGREDIENCIE - ALTERNATÍVA 4
,4 a 1⁄2 PL kukuričné vločky (49.5 g)
,"7 PL tvaroh jemný hrudkovitý 2,5 % (119 g)"
,15 g mandľové maslo
,1 x 100 ml mandľové mlieko (100 g)
,5 ks jahody záhradné (65 g)
,Ďalšie ingrediencie:
,škorica (ak na prísady nie ste alergická)
,
,
,
18.,Kozí jogurt s ovocím
,5 min
,Postup prípravy:
,Všetky ingrediencie dajte do misky a jemne premiešajte.
,
,INGREDIENCIE
,2 x balenie jogurt kozí biely napr. Leeb (250 g)
,8 PL maliny (168 g)
,"1 a 1⁄2 ČL kakaový prášok, 12 % obsah tuku (12 g)"
,2 ČL javorový sirup (8 g)
,
,
,
19.,Tvarohová nátierka s pečivom
,5 min.
,Postup prípravy:
,"Tvaroh, chilli (podľa chuti), paradajky, cesnak, soľ a korenie poriadne rozmixujte do peny. Pridajte najemno posekanú"
,červenú papriku a premiešajte. Konzumujte s pečivom a zeleninou.
,
,INGREDIENCIE
,2 a 1⁄2 krajec chlieb celozrnný (125 g) 
,"1 x balenie tvaroh jemný hrudkový 2,5 % napr. Pilos (250 g)"
,1 a 1⁄2 ks rajčiny (112.5 g)
,1⁄2 ks paprika červená (37.5 g)
,2 ks cherry paradajky (24 g)
,20 g kapusta čínska
,1⁄2 strúčik cesnak (1.5 g)
,Ďalšie ingrediencie:
,"chilli, čierne korenie, morská soľ (ak na prísady nie ste alergická)"
,
,
,
20.,Sendviče s vajíčkovou nátierkou
,10 min.
,Postup prípravy:
,"Vajíčko uvarené na tvrdo nastrúhajte na jemnom strúhadle. Primiešajte zmäknuté maslo, horčicu a dochuťte soľou a"
,korením. Môžete pridať nasekanú pažítku. Pečivo natrite nátierkou a obložte šalátom a plátkami paradajky.
,
,INGREDIENCIE
,2 a 1⁄2 x krajec chlieb celozrnný ražný (ideálne kváskový) (125 g)
,2 x ks vajce na tvrdo (110 g)
,2 x ČL živočíšne maslo (10 g)
,3 x ČL horčica kremžská napr. Snico (27 g)
,1 ks rajčiny (75 g)
,Ďalšie ingrediencie:
,"šalátové listy, pažitka, korenie (ak na prísady nie ste alergická)"
,
,
,
21.,Sedliacke muffiny
,20 min.
,Postup prípravy:
,"K rozšľahaným vajciam pridajte podusený špenát, nastrúhaný syr a na malé kocky nakrájanú salámu. Dochuťte štipkou"
,soli a korením. Vylejte do foriem na muffiny a v predhriatej rúre pečte 15 - 18 min. Podávajte s pečivom a zeleninou.
,
,INGREDIENCIE
,3 ks slepačie vajce (165 g)
,2 x krajec chlieb celozrnný ražný (ideálne kváskový) (100 g)
,"25 g syr eidam, 30 % t. v s."
,"3 x plátok priemer 14,5 cm morčacia šunka (54 g)"
,2 ks rajčiny/paradajky (150 g)
,1⁄2 miska objem (300 ml) špenát (10 g)
,Ďalšie ingrediencie:
,"soľ, korenie (ak na prísady nie ste alergická)"
,
,
,
22.,Ovseno-jogurtová kaša s ovocím
,5 min.
,Postup prípravy:
,"Vločky nasypte do misky, zalejte jogurtom a pridajte pokrájané ovocie. Na záver rozdrvte niekoľko orechov (prilejte"
,"olej, ak tak uvádza recept) a vysypte do misky. V prípade, že vločky pomaly mäknú alebo sa vám zdá, že jedlo má"
,"príliš hustú konzistenciu, prilejte trochu prevarenej vody. Doslaďte medom/sirupom."
,
,INGREDIENCIE
,8 a 1⁄2 PL ovsené vločky (93.5 g)
,"10 a 1⁄2 PL jogurt biely (min. 3,5 % tuku) (210 g)"
,5 ks orechy lieskové (5 g)
,45 g mrazené jahody
,1⁄2 PL čakankový sirup (9 g)
,
,
,
23.,Cuketové lečo s vajcom
,30 min.
,Postup prípravy:
,"Na panvici zohrejte olej. Všetku zeleninu očistite, nakrájajte na požadované kúsky a dajte restovať. Keď trochu"
,"zmäkne podlejte ju ešte pohárom vody. Ochuťte soľou, čiernym mletým korením, majoránkou, prípadne podľa chuti"
,môžete pridať aj chilli. Podávajte s vajcom uvareným na tvrdo a pokiaľ recept uvádza aj s pečivom/ryžou. Ak recept
,"uvádza samostatne vaječný bielok, vajce klasicky uvarte na tvrdo a k leču pridajte už len uvedenú porciu bielka. Ak"
,"recept uvádza, lečo posypte semienkami."
,
,INGREDIENCIE
,2 x krajec chlieb zemiakový (100 g)
,2 a 1⁄2 x ks vajce na tvrdo (137.5 g)
,1 ČL olivový olej (5 g)
,2 kus vaječný bielok (66 g)
,1 ks paprika žltá (75 g)
,"1⁄2 x kus (18 cm dĺžka, 13,5 cm obvod v strede) cukina (93.5 g)"
,"1⁄2 x (10cm dĺžka, 10 cm obvod) pór (34.5 g)"
,1 ks paprika červená (75 g)
,1⁄2 ČL ľanové semená (1.5 g)
,1 strúčik cesnak (3 g)
,Ďalšie ingrediencie:
,"štipka soli, čierne mleté korenie, majoránka, chilli (ak na prísady nie ste alergická)"
,
,
,
24.,Tekvicová kaša s tvarohom
,30 min.
,Postup prípravy:
,"Krúpy alebo ovsené vločky (podľa toho, čo máte uvedené v recepte) uvarte podľa návodu na obale. Tekvicu očistite,"
,"nakrájajte na menšie kúsky a dajte variť približne na 10 minút. Do mixéra dajte uvarené krúpy/vločky, tekvicu,"
,"tvaroh, orechy a sirup/med a trochu vriacej vody, aby vám vznikla kaša. Ingrediencie rozmixujte do hladka a"
,podávajte s nastrúhaným kúskom kvalitnej horkej čokolády.
,
,INGREDIENCIE
,260 g tekvica Hokkaido
,4 PL ovsené vločky (44 g)
,"6 a 1⁄2 PL tvaroh jemný hrudkovitý 2,5 % (110.5 g)"
,4 ks orechy vlašské (12 g)
,"1 x kocka (4×4,5 cm) čokoláda horká 75 % (10 g)"
,1 x ČL med včelí (7 g)
,
,
,
25.,Omeleta s ovčou bryndzou
,10 min.
,Postup prípravy:
,"Bryndzu rozmiešajte v mlieku, zašľahajte k nim vaječné bielky spolu so žltkami (len v prípade, že tak uvádza recept)."
,Na panvici si rozohrejte tuk a zmes na ňu vylejte. Omeletu osoľte a zakryté pečte asi 2 - 3 minúty. Následne otočte a
,"pridajte syr (len v prípade, že tak uvádza recept), pečte ešte 1 minútu. Konzumujte spolu s uvedenou zeleninou a"
,"chlebom (len v prípade, že tak uvádza recept)."
,
,INGREDIENCIE
,85 g bezkvasové pečivo napr. Maces
,40 g syr ovčia bryndza
,2 dl sójové mlieko (200 g)
,1 ČL repkový olej rafinovaný (5 g)
,2 x ks vaječný bielok (66 g)
,1⁄2 ks uhorky (150 g)
,1 ks paprika zelená (75 g)
,Ďalšie ingrediencie:
,zeleninová soľ (ak na prísady nie ste alergická)
,
,
,
26.,Tuniakovo-vajíčková nátierka
,5 min.
,Postup prípravy:
,"Vajce uvarte na tvrdo a uvedené množstvo nakrájajte na malé kúsky. Pridajte tuniaka, horčicu a aj maslo, ak je v"
,recepte uvedené. Osoľte štipkou soli. Nátierku konzumujte so zeleninou a pečivom.
,
,INGREDIENCIE
,2 a 1⁄2 x krajec chlieb celozrnný pšeničný (ideálne kváskový) (125 g)
,2 x ks vajce na tvrdo (110 g)
,2 x malá konzerva tuniak vo vlastnej šťave (112 g)
,4 a 1⁄2 x ČL horčica (40.5 g)
,1⁄2 ks paprika biela (29 g)
,Ďalšie ingrediencie:
,zeleninová soľ (ak na prísady nie ste alergická)
,
,
,
27.,"Pečivo, šunka, zelenina"
,5 min.
,Postup prípravy:
,"Na pečivo rovnomerne naneste horčicu. Priložte plátky syra neúdeného, masla/lučiny (ak uvádza recept) a šunky."
,Konzumujte spolu so zeleninou.
,
,INGREDIENCIE
,2 x krajec chlieb celozrnný pšeničný “graham” (100 g)
,"2 x plátok (9×9 cm) syr eidam, 30 % t. v s. neúdený (44 g)"
,4 x plátok hydinová šunka (80 g)
,1 ks uhorky (300 g)
,1 PL mäkký nezrejúci syr napr. Lučina (18 g)
,3 x ČL horčica plnotučná (27 g)
,Ďalšie ingrediencie:
,"bylinky, štipka zeleninovej soli (ak na prísady nie ste alergická)"
,
,
,
28.,Praženica so zeleninou
,10 min.
,Postup prípravy:
,"Praženica s pečivom a zeleninou na raňajky. Praženicu naneste na chlieb (orestovanú tekvicu, ak je uvedená"
,v recepte namiesto pečiva) a konzumujte spolu so zeleninou. Ľubovoľne dochuťte bylinkami.
,
,INGREDIENCIE
,1 x polovica ks tekvica Hokkaido (400 g)
,3 ks slepačie vajce (165 g)
,1⁄2 PL olivový olej (6 g)
,1 ks paprika žltá (75 g)
,1⁄2 x stredne veľká cibuľa (37.5 g)
,Ďalšie ingrediencie:
,"ľubovoľné korenie, zeleninová soľ (štipka), bylinky, balzamiko (ak na prísady nie ste alergická)"
,
,
,
29.,Banánovo-jahodový nápoj
,5 min
,Postup prípravy:
,Ovocie spolu s mliekom a ostatnými prísadami rozmixujte a nápoj vypite.
,
,INGREDIENCIE
,"14 a 1⁄2 PL tvaroh jemný hrudkovitý 2,5 % (246.5 g)"
,3 dl mlieko plnotučné (300 g)
,1 ks banány (130 g)
,9 ks jahody záhradné (117 g)
,Ďalšie ingrediencie:
,stévia (ak na prísady nie ste alergická)
,
,
,
30.,Nadýchaná vajíčková omeleta
,10 min.
,Postup prípravy:
,"Všetky suroviny okrem zeleniny a pečiva zmiešajte v miske, dochuťte soľou a čiernym mletým korením a opečte na"
,"troche oleja z oboch strán na panvici. Zmes môžete dochutiť chilli korením. Konzumujte so zeleninou, prípadne"
,pečivom (ak uvádza recept).
,
,INGREDIENCIE
,8 a 1⁄2 kus knäckebrot (85 g)
,2 ks slepačie vajce (110 g)
,"30 g syr eidam, 30 % t. v s. 1⁄2 dl mlieko polotučné (50 g)"
,1⁄2 ČL olivový olej (2.5 g)
,4 ks reďkovka (68 g)
,1 x kus (40 cm) jarná cibuľka (44 g)
,1 miska objem (300 ml) špenát (20 g)
,Ďalšie ingrediencie:
,"soľ, čierne mleté korenie, chilli (ak na prísady nie ste alergická)"
,
,
,
31.,Vajíčková nátierka s pečivom
,15 min.
,Postup prípravy:
,Vajíčko uvarte na tvrdo (približne 7 minút vo vriacej vode). Ošúpte a v miske ho rozdrvte vidličkou. Pridajte horčicu a
,"syr, soľ a čierne mleté korenie. Konzumujte spolu s pečivom a zeleninou."
,
,INGREDIENCIE
,2 a 1⁄2 x krajec chlieb celozrnný pšeničný (ideálne kváskový) (125 g)
,3 x ks vajce na tvrdo (165 g)
,7 ks reďkovka (119 g)
,1 PL Lučina Skyr (14 g)
,1 ks rajčiny (75 g)
,1 x ČL horčica kremžská napr. Snico (9 g)
,Ďalšie ingrediencie:
,"soľ, čierne mleté korenie (ak na prísady nie ste alergická)"
,
,
,
32.,Makovo-ovocné ovsené lievance
,10 min.
,Postup prípravy:
,"Ovocie nastrúhajte nahrubo. Ostatné ingrediencie si zmiešajte do hustejšieho cesta (okrem jogurtu), pridajte"
,nastrúhané ovocie a opekajte na panvici potretej zľahka tukom/olejom. Ak sa vám bude zdať cesto tuhšie pridajte pár
,"lyžíc mlieka, ak riedke, pridajte múku. Na záver pridajte jogurt. Ak uvádza recept, pridajte med/sirup."
,
,INGREDIENCIE
,2 ks slepačie vajce (110 g)
,2 x PL špaldová múka polohrubá (30 g)
,1 ks jablká (170 g)
,2 PL ovsené vločky (22 g)
,1⁄2 PL - zarovnaná mak (7.5 g)
,1⁄2 PL med (9 g)
,3 PL jogurt sójový biely BIO napr. SOJADE (60 g)
,1⁄2 ČL olivový olej (2.5 g)
,Ďalšie ingrediencie:
,štipka soli (ak na prísady nie ste alergická)
,
,
,
33.,Ham and eggs
,10 min.
,Postup prípravy:
,"Šunku pokrájajte na tenšie plátky. Na rozohriatom oleji alebo masle (podľa toho, čo máte uvedené v recepte) opečte"
,"plátky šunky, do medzier medzi nimi rozbite čerstvé vajcia tak, aby ostali v celku, osoľte a pečte, až kým bielky vajec"
,"nestuhnú (žĺtky zostanú tekuté). Opečenú šunku s vajciami preložte na teplý tanier pomocou lopatky, posypte"
,nakrájanou zeleninou.
,
,INGREDIENCIE
,2 x krajec chlieb zemiakový (100 g)
,2 ks slepačie vajce (110 g)
,"6 x plátok priemer 14,5 cm morčacia šunka (108 g)"
,1⁄2 PL olivový olej (6 g)
,2 ks rajčiny/paradajky (150 g)
,Ďalšie ingrediencie:
,"korenie, zeleninová soľ (ak na prísady nie ste alergická)"
,
,
,
34.,Pohánková kaša
,10 min.
,Postup prípravy:
,"Premytú pohánku opražte na sucho, zalejte vodou, pridajte tuk (olej alebo maslo - podľa toho, ako uvádza recept) a"
,"soľ. Priveďte k varu a potom znížte teplotu na minimum. Uvarenú pohánku konzumujte s nakrájaným ovocím,"
,"tvarohom, medom/sirupom a orechami (ak sú uvedené v recepte)."
,
,INGREDIENCIE
,2 a 1⁄2 PL pohánka lúpaná (neuvarená) (62.5 g)
,"13 PL tvaroh jemný hrudkovitý 2,5 % (221 g)"
,2 x ČL živočíšne maslo (10 g)
,5 ks mandle (5 g)
,5 x 5 bobúľ čučoriedky (45 g)
,1⁄2 PL čakankový sirup (9 g)
,Ďalšie ingrediencie:
,"stévia podľa chuti, škorica (ak na prísady nie ste alergická)"
,
,
,
35.,Paprikovo-cuketová nátierka s pečivom
,40 min.
,Postup prípravy:
,Nátierku je praktickejšie si pripraviť vopred na viac porcií. Množstvá jednotlivých ingrediencií vynásobte počtom
,porcií. Na olivovom oleji si dozlata opražte cibuľu (ak ju uvádza recept). Pridajte na kocky nakrájané papriky a
,"opekajte 10 minút alebo kým trošku nezmäknú. Medzitým si nakrájte cuketu, paradajky a jablko, ktoré potom pridajte"
,k opečeným paprikám. Opekajte na prudkom plameni 10 minút a potom pridajte bobkový list. Zmes na miernom
,"plameni nechajte dusiť 10 − 20 minút alebo kým sa nevytvorí hustá konzistencia. Nakoniec zmes osoľte, okoreňte a"
,pridajte med. Ešte 5 minút povarte. Nakoniec vyberte bobkový list a všetko rozmixujte na jemnú hustú kašu.
,Podávajte vychladené s pečivom a syrom.
,
,INGREDIENCIE
,"125 g tvrdý syr 20 %, napr. Madeland"
,1 a 1⁄2 x krajec chlieb celozrnný pšeničný (ideálne kváskový) (75 g)
,225 x g cuketa (cukina)
,1 ČL olivový olej (5 g)
,1 a 1⁄2 ČL med včelí (10.5 g)
,1⁄2 x menší kus jablká (52.5 g)
,1⁄2 x stredne veľká cibuľa (37.5 g)
,1⁄2 ks rajčiny (37.5 g)
,1⁄2 ks paprika červená (37.5 g)
,Ďalšie ingrediencie:
,"soľ, bobkový list, mleté čierne korenie, chilli (ak na prísady nie ste alergická)"
,
,
,
36.,Tofu s bylinkami a celozrnným pečivom
,10 min.
,Postup prípravy:
,"Tofu roztlačte vidličkou alebo krátko pomixujte spolu s olejom (ľanovými semenami, orechami - ako určuje recept)."
,Ochuťte soľou a korením. Zeleninu umyte a nakrájajte na tenké plátky. Rozmixované tofu s prísadami naneste na
,pečivo a na vrch poukladajte plátky zeleniny.
,
,INGREDIENCIE
,2 a 1⁄2 x krajec chlieb celozrnný pšeničný (ideálne kváskový) (125 g)
,1 x balenie tofu biele (180 g)
,3 ČL ľanové semená (9 g)
,1 ks paprika červená (75 g)
,Ďalšie ingrediencie:
,"zeleninová soľ, korenie, medvedí cesnak (ak na prísady nie ste alergická)"
,
,
,
37.,Cícerová nátierka s pečivom
,15 min.
,Postup prípravy:
,"Do nádoby na mixovanie vložte cícer, z ktorého ste zliali nálev, pridajte soľ, sezamovú pastu, olej a roztlačený"
,"cesnak. Ak je nátierka hustá, pridajte trochu nálevu z cíceru. Všetko zmixujte do hladkej konzistencie. Na záver"
,pridajte podľa chuti citrónovú šťavu. Konzumujte s čerstvou zeleninou a pečivom (pokiaľ uvádza recept). Pre
,"zjednodušenie si môžete kúpiť nátierku ""humus"" a naniesť ju na pečivo."
,
,INGREDIENCIE
,2 a 1⁄2 x krajec chlieb celozrnný pšeničný (ideálne kváskový) (125 g)
,25 g sezamové maslo (tahini pasta) napr. Alnatura
,6 x PL cícer v konzerve (120 g)
,1⁄2 PL sezamový olej (6 g)
,1⁄2 strúčik cesnak (1.5 g)
,1⁄2 PL šťava citrónová (6 g)
,Ďalšie ingrediencie:
,"bylinky, medvedí cesnak, korenie, soľ (ak na prísady nie ste alergická)"
,
,
,
38.,Hráškovo-brokolicová nátierka s pečivom
,20 min.
,Postup prípravy:
,"Brokolicu rozdelenú na ružičky, plátky cibule (ak uvádza recept) a hrášok uvarte v parnom hrnci (10 - 15 minút),"
,rozmixujte a pridajte olivový olej a petržlenovú vňať. Nakoniec nátierku okoreňte podľa chuti. Podávajte s pečivom.
,"Pokiaľ si želáte pripraviť nátierku na viac dní, množstvá jednotlivých ingrediencií vynásobte počtom porcií."
,
,INGREDIENCIE
,2 a 1⁄2 krajec chlieb celozrnný (125 g) 
,195 g hrach mrazený
,270 x g brokolica
,1 ČL olivový olej (5 g)
,1⁄2 x stredne veľká cibuľa (37.5 g)
,Ďalšie ingrediencie:
,"soľ, mleté čierne korenie, petržlenová vňať (ak na prísady nie ste alergická)"
,
,
,
39.,Omeleta vegetariánska
,10 min.
,Postup prípravy:
,"Na panvici orestujte na kocky nakrájaný tofu syr, pridajte polovice cherry paradajok a jarnú cibuľku. Po 2 - 3 min."
,"pridajte špenátové listy, zakryte pokrievkou a 2 - 3 min poduste. Potom pridajte vajcia, opäť prikryte pokrievkou a"
,"duste, kým nie sú vajcia hotové. Papriku podávajte nakrájanú v surovom stave."
,
,INGREDIENCIE
,2 a 1⁄2 x krajec chlieb celozrnný ražný (ideálne kváskový) (125 g)
,3 ks slepačie vajce (165 g)
,1⁄2 x balenie sójový syr tofu (85 g)
,1 x kus (40 cm) jarná cibuľka (44 g)
,35 g baby špenát
,3 ks cherry paradajky (36 g)
,1⁄2 ks paprika červená (37.5 g)
,
,
,
40.,Plnená pečená paprika so syrom
,60 min.
,Postup prípravy:
,"Papriku umyte, opatrne odrežte vrch a vnútro jemne vydlabte, aby ste odstránili jadierka. Na doske si nakrájajte"
,"šunku, nastrúhajte syr. Do misky si pripravte vaječné bielky a zmiešajte so šunkou, syrom, smotanou a kukuricou"
,"(ak uvádza recept). Touto zmesou budete následne papriky plniť. Zmes osoľte (jemne - podľa toho, aký syr použijete)"
,"a okoreňte. Plňte len papriky vcelku, štvrtiny a polky konzumujte následne s jedlom. Naplnené papriky dajte na plech"
,"a prikryte odrezaným vrchom. Pečte vo vyhriatej rúre 30 minút pri 180 stupňoch, následne dajte vrch papriky preč a"
,dopekajte ešte cca 10 minút (podľa skúseností s vlastnou rúrou). Podávajte s chlebom.
,
,INGREDIENCIE
,2 a 1⁄2 x krajec chlieb celozrnný pšeničný (ideálne kváskový) (125 g)
,"50 g syr encián (hermelín, camembert)"
,3 x plátok hydinová šunka (60 g)
,4 x ks vaječný bielok (132 g)
,2 ks paprika červená (150 g)
,1⁄2 PL sójová smotana BIO napr. PROVAMEL (6 g)
,15 g kukurica v konzerve
,Ďalšie ingrediencie:
,"soľ, mleté čierne korenie, bylinky (ak na prísady nie ste alergická)"
,
,
,
41.,Vajce na tvrdo s pečivom a zeleninou
,7 min.
,Spôsob prípravy:
,Vajce na tvrdo konzumujte spolu s pečivom a zeleninovou oblohou. Ľubovoľne dochuťte bylinkami alebo korením.
,"Môžete si spraviť napríklad jednohubky z nakrájaného pečiva a nakrájaného vajíčka. Ak uvádza recept, natrite si"
,pečivo lučinou alebo pridajte šunku.
,
,INGREDIENCIE
,2 a 1⁄2 x krajec chlieb celozrnný pšeničný (ideálne kváskový) (125 g)
,2 x kus slepačie vajce (110 g)
,4 x plátok hydinová šunka (80 g)
,9 ks reďkovka (153 g)
,1 PL Lučina Skyr (14 g)
,2 x miska rukola (34 g)
,Ďalšie ingrediencie:
,"štipka zeleninovej soli, ľubovoľné korenie, bylinky, morské riasy (ak na prísady nie ste alergická)"
,
,
,
42.,Tofu muffiny
,45 min.
,Postup prípravy:
,Recept pripravte podľa návodu nižšie. Porcie sú udávané v surovom stave. Konzumujte spolu so zeleninou a pečivom
,(ak uvádza recept).
,Z tofu vyžmýkajte rukami čo najviac vody a následne ho dajte do misky. Tam ho roztlačte vidličkou. Cuketu nastrúhajte
, na strúhadle a opäť z nej rukami vytlačte čo najviac vody. Cuketu pridajte k tofu spolu s nadrobno nakrájanou 
,"šunkou, cibuľkou a strúhaným syrom. Môžete tiež pridať sušené paradajky. Na záver zmes okoreňte a osoľte. "
,Hotovú zmes nadávkujte do silikónových foriem na muffiny a zvrchu cesto poriadne vtlačte do formy.
," Ak nemáte silikónové formy na muffiny, môžete dať zmes jednoducho do zapekacej misy. Pečte ich 35 minút na 185 stupňoch. "
,Po dopečení ich nechajte trocha vychladnúť a následne ich opatrne vyklopte z foriem.
,
,INGREDIENCIE
,5 x kus Tofu muffiny (500 g) 
,1 a 1⁄2 x krajec chlieb celozrnný pšeničný (ideálne kváskový) (75 g)
,1 ks paprika zeleninová (75 g)
,1 ks rajčiny/paradajky (75 g)
,1⁄2 miska objem (300 ml) ľadový šalát (40 g)
,INGREDIENCIE - Tofu muffiny 9x
,1 a 1⁄2 x balenie tofu biele (270 g)
,1⁄2 x stredný kus cuketa (cukina) (500 g)
,1⁄2 x stredne veľká cibuľa (37.5 g)
,"5 x plátok priemer 14,5 cm morčacia šunka (90 g)"
,ks syr mozzarella (31.25 g)
,7 ČL sušené paradajky (mleté) napr. Carthage garden (70 g)
,Ďalšie ingrediencie:
,"štipka morskej soli, štipka paprikového korenia, štipka oregána (v prípade, že na prísady nemáte alergiu)"
,
,
,
43.,Amarantová kaša s ovocím
,5 min.
,Postup prípravy:
,Amarantové vločky namočte do jogurtu alebo mlieka (podľa toho ako uvádza recept) a pomiešajte. Pridajte
,"čučoriedky alebo najemno nastrúhané jablko (podľa toho ako uvádza recept), tvaroh a posypte rozmixovanými"
,semienkami.
,
,INGREDIENCIE
,10 a 1⁄2 PL amarantové perličky napr. Mariana (73.5 g)
,"3 balenie jogurt biely (max. 0,3 % tuku) (450 g)"
,2 ČL konopné semienka lúpané napr. Bio Nebio (7 g)
,2 ČL sezamové semená (6 g)
,"2 PL tvaroh jemný hrudkový 2,5 % napr. Pilos (34 g)"
,4 x 5 bobúľ čučoriedky (36 g)
,
,
,
44.,Plnená paprika s vajíčkom
,20 min.
,Postup prípravy:
,"Papriku umyte, opatrne odrežte vrch a vnútro jemne vyberte, aby ste odstránili jadierka. Na doske nakrájajte šunku a"
,"jarnú cibuľku. V miske zmiešajte lučinu, šunku, cibuľku s rozdrveným vajcom na tvrdo. Jemne osoľte, okoreňte a"
,"podľa chuti pridajte bylinky. Zmesou naplňte papriku. Ak je zmesi veľa, prípadne máte v recepte štvrtinu alebo"
,"polovicu papriky, konzumujte ich následne s pečivom a zeleninou uvedenou v recepte."
,
,INGREDIENCIE
,2 a 1⁄2 x krajec chlieb celozrnný pšeničný (ideálne kváskový) (125 g)
,2 x ks vajce na tvrdo (110 g)
,3 x plátok hydinová šunka (60 g)
,12 ks cherry paradajky (144 g)
,2 ks paprika červená (150 g)
,1 PL Lučina Skyr (14 g)
,Ďalšie ingrediencie:
,"soľ, mleté čierne korenie, bylinky (ak na prísady nie ste alergická)"
,
,
,
45.,Hubová nátierka s pečivom a zeleninou
,25 min.
,Postup prípravy:
,"Očistite si huby, papriku, cesnak a cibuľku (ak uvádza recept). Nakrájajte ich na malé kúsky. Na panvicu dajte olivový"
,"olej, na ktorom najprv osmažte cibuľku s cesnakom a potom pridajte papriky a nakoniec hríby. Osmažte, a keď sú"
,"huby zlaté, pridajte soľ. Restovanú zmes nechajte chvíľu vychladnúť a rozmixujte ju tak, aby v nej ostali aj kúsky. K"
,zmesi pridajte Lučinu a maslo a dochuťte podľa chuti. Podávajte s pečivom. Pokiaľ si želáte pripraviť nátierku na viac
,"dní, množstvá jednotlivých ingrediencií vynásobte počtom porcií."
,
,INGREDIENCIE
,10 a 1⁄2 kus knäckebrot (105 g)
,8 a 1⁄2 ČL Lučina Skyr (51 g)
,1⁄2 PL živočíšne maslo (8.5 g)
,140 g pečiarka poľná/šampiňóny
,1 ks paprika žltá (75 g)
,1⁄2 ČL olivový olej (2.5 g)
,1 ks paprika zelená (75 g)
,1 ks paprika biela (58 g)
,Ďalšie ingrediencie:
,"soľ, mleté čierne korenie (ak na prísady nie ste alergická)"
,
,
,
46.,Fit parížsky šalát
,10 min.
,Postup prípravy:
,"Šunku nakrájajte na tenké pásiky. V miske ju zmiešajte s rozmrazeným hráškom, nadrobno nasekanou cibuľou a"
,kyslými uhorkami. Potom pridajte všetky zvyšné suroviny a šalát poriadne zamiešajte. Napokon šalát zrieďte a
,dochuťte podľa potreby. Konzumujte s pečivom.
,
,INGREDIENCIE
,"2 x balenie jogurt biely (min. 3,5 % tuku) (300 g)"
,1 a 1⁄2 x krajec chlieb celozrnný pšeničný (ideálne kváskový) (75 g)
,6 x plátok hydinová šunka (120 g)
,40 g mrazený hrášok
,45 g Cream Cheese Spread light K-Classic
,1⁄2 x stredne veľká cibuľa (37.5 g)
,1⁄2 ČL horčica plnotučná (4.5 g)
,1⁄2 (8 cm) ks uhorky zavárané kyslé (17 g)
,Ďalšie ingrediencie:
,"štipka soli, čierne mleté korenie, citrónová šťava (ak na prísady nie ste alergická)"
,
,
,
47.,Chlieb s tvarohom a ovocím
,10 min.
,Postup prípravy:
,"Ovocie umyte, nakrájajte, rozpoľte, zbavte jadier a nahrubo nastrúhajte (jednu štvrtinu si nechajte celú). Štvrtinu z"
,ovocia nakrájajte na tenké plátky. Všetko pokvapkajte citrónovou šťavou. Tvaroh rozšľahajte s trochou vody.
,Premiešajte postrúhané ovocie s orechami (orechy môžete konzumovať aj zvlášť). Plátky chleba potrite tvarohom a
,ozdobte nakrájaným ovocím.
,
,INGREDIENCIE
,3 x krajec chlieb pohánkový (150 g)
,"9 a 1⁄2 PL tvaroh jemný hrudkovitý 2,5 % (161.5 g)"
,15 ks orechy lieskové (15 g)
,1⁄2 ks hrušky (67.5 g)
,Ďalšie ingrediencie:
,citrónová šťava (ak na prísady nie ste alergická)
,
,
,
48.,Cottage cheese so zeleninou
,5 min.
,Postup prípravy:
,Na pečivo naneste cottage cheese a plátok šunky. Polovicu zeleninovej prílohy skonzumujte na začiatku a druhú
,"polovicu konzumujte spoločne s pečivom. Ľubovoľne dochuťte bylinkami, korením alebo balzamikom. Ak sa v"
,"recepte nachádza olej, tak polejte, resp. ak ľanové semienka, tak posypte nimi cottage cheese."
,
,INGREDIENCIE
,2 x kus rožky grahamové (84 g)
,1 x balenie cottage cheese (180 g)
,5 x plátok hydinová šunka (100 g)
,2 ks rajčiny (150 g)
,1 a 1⁄2 ČL ľanové semená (4.5 g)
,1⁄2 ks paprika červená (37.5 g)
,Ďalšie ingrediencie:
,"balzamiko - vínny ocot, bylinky, korenie, medvedí cesnak - natrhajte do syru (ak na prísady nie ste alergická)"
,
,
,
49.,Broskyňovo-banánové smoothie
,5 min.
,Postup prípravy:
,Do nádoby nachystajte mlieko. Pridajte na kocky nakrájané broskyne a banán. Odšťavte citrón a pridajte ho do
,nádoby. Prilejte sirup/med. Pridajte daľšie ingrediencie a všetko spolu rozmixujte dohladka.
,
,INGREDIENCIE
,"14 a 1⁄2 PL tvaroh jemný hrudkovitý 2,5 % (246.5 g)"
,3 dl mlieko plnotučné (300 g)
,1 ks broskyne (135 g)
,1⁄2 stredný kus banány (45 g)
,1⁄2 x kus citróny (60 g)
,1⁄2 PL javorový sirup (6 g)
,Ďalšie ingrediencie: 
,mäta (ak na prísady nie ste alergická)
,
,
,
50.,Ovsená kapucino kaša so škoricou a para orechami
Gabika Wenhardt,20 min
,Postup prípravy:
,"Vločky uvarte v mlieku. Kávu rozpustite vo vode a vlejte ju do kaše, premiešajte. Doslaďte medom. Bielok vyšľahajte"
,"na penu a vmiešajte do kaše. Kašu dajte do zapekacej misy vymastenej tukom a pečte v rúre cca 5 minút, posypte"
,škoricou a orechmi.
,
,INGREDIENCIE
,3 PL ovsené vločky (33 g)
,1 a 1⁄2 dl mandľové mlieko (150 g)
,1 ČL kokosový olej (5 g)
,1 a 1⁄2 ČL káva (9 g)
,1 ČL med včelí (7 g)
,1 ks orechy para (3 g)
,1 ks vaječný bielok (33 g)
,Ďalšie ingrediencie:
,škorica (ak na prísady nie ste alergická)
,
,
,
51.,Batátové nepečené brownies
,60 min.
,Postup prípravy:
,"Brownies pripravte podľa receptu zobrazeného nižšie. Uvedenú porciu konzumujte s jogurtom a sirupom, pokiaľ tak"
,recept uvádza.
,
,Postup prípravy - Batátové nepečené brownies:
,Batát umyte a poriadne poprepichujte vidličkou alebo nožom. Zabaľte do alobalu a dajte piecť do rúry na 200 stupňov
, 45 minút. Opečený batát ošúpte a ešte teplý ho zmiešajte s nastrúhanou čokoládou a následne zamiešajte proteín
," (ideálne čokoládový). Cesto dajte do formy, z ktorej ho viete vyklopiť alebo ho následne viete v nej krájať. Formu  dajte"
," do mrazničky na 2 - 3 hodiny. Pred konzumáciou z mrazničky vyberte, nechajte postáť pri izbovej teplote a nakrájajte. "
,Zvyšnú časť skladujte v mrazničke.
,
,INGREDIENCIE
,3 a 1⁄2 x porcia Batátové nepečené brownies (119 g)
,1⁄2 x balenie jogurt sójový biely BIO napr. SOJADE (62.5 g)
,
,INGREDIENCIE - Batátové nepečené brownies
,1 stredný kus bataty - sladké zemiaky (90 g)
,"6 x kocka (4×4,5 cm) čokoláda horká 75 % (60 g)"
,2 PL vegánsky proteín napr. Weider brownie chocolate (20 g)
,
,
,
52.,Avokádové smoothie
,10 min.
,Postup prípravy:
,"Avokádo ošúpte a rozštvrťte. Potom spolu s nakrájaným ovocím, trochou zázvoru a lístkami mäty alebo limetkou"
,"vložte do mixéra. Pridajte vodu (o niečo viac ako mlieka) a spolu s ostatnými ingredienciami rozmixujte. V prípade, že"
,"nemáte k dispozícii mixér, ingrediencie zmiešajte a poriadne rozpučte."
,
,INGREDIENCIE
,6 PL maliny (126 g)
,1 a 1⁄2 dl sójové mlieko (150 g)
,40 g avokádo
,1 a 1⁄2 PL vegánsky proteín napr. Weider brownie chocolate (15 g)
,9 ks jahody záhradné (117 g)
,Ďalšie ingrediencie:
,"niekoľko listov mäty (5 - 10), limetka, zázvor podľa chuti (ak na prísady nie ste alergická)"
,
,
,
53.,"Kuskus s hruškou, jablkom a tofu"
,10 min.
,Postup prípravy:
,"Kuskus namočte na niekoľko minút do vriacej vody, alebo rastlinného mlieka, len kým napučí. Nakrájajte do"
,"mixéru jablko, hrušku, tofu a všetko rozmixujte na hladkú kašu. Ochuťte citrónom a zamiešajte s kuskusom. Posypte"
,drvenými semienkami.
,
,INGREDIENCIE
,1⁄2 x balenie tofu biele (90 g)
,35 g kuskus (neuvarený)
,1⁄2 x stredný kus hrušky (82.5 g)
,1⁄2 x stredný kus jablká (70 g)
,1⁄2 kus citróny (60 g)
,1 ČL slnečnicové semená (4 g)
,1 a 1⁄2 dl kokosový nápoj (150 g)
,
,
,
54.,Maková pohánka s hruškami a vlašskými orechami
,10 min.
,Postup prírpavy:
,"Pohánku cez noc namočte. Ráno zlejte prebytočnú vodu, pridajte k pohánke hrozienka, nastrúhanú hrušku, pomletý"
,"mak, šmakoun a pomleté vlašské orechy. Prislaďte medom."
,
,INGREDIENCIE
,1 a 1⁄2 PL pohanka nelúpaná (neuvarená) (37.5 g)
,4 ks orechy vlašské (12 g)
,1⁄2 x stredný kus hrušky (82.5 g)
,1⁄2 PL - zarovnaná mak (7.5 g)
,30 g šmakoun
,1⁄2 ČL med včelí (3.5 g)
,1 x 5 kusov hrozienka (2.25 g)
,
,
,
56.,Pohánkové vločky máčané v jablku
,10 min.
,Postup prípravy:
,"Do misky nasypte vločky, posekané orechy a citrónovú šťavu. Jablko ošúpte a najemno postrúhajte. Použite napríklad"
,"strúhadlo pre citrónovú kôru, jablko je tak postrúhané na jemnú penu. Nakoniec pridajte celé korenie, premiešajte s"
,"vločkami, prikryte a nechajte cez noc odstáť. Kašu nedávajte do chladničky."
,
,INGREDIENCIE
,5 PL pohánkové vločky napr. Bioharmonie (55 g)
,4 ks orechy vlašské (12 g)
,1 x stredný kus jablká (140 g)
,Ďalšie ingrediencie:
,"citrónová šťava, škorica - štipka, 1 - 3 kúsky badiánu (podľa chuti), 2 - 6 kusov klinčekov, štipka práškovej stévie (ak"
,na prísady nie ste alergická)
,
,
,
57.,Varená krupica s orechami
,10 min.
,Postup prírpavy:
,"Mlieko zohrejte a postupne doň vmiešajte krupicu. Nechajte chvíľu povariť. V prípade, ak by bola kaša príliš hustá,"
,"pridajte trochu vody. Odstavte z plameňa, premiešajte s drvenými orechami a medom/sirupom (ak ho máte v recepte"
,"uvedený). Vmiešajte tvaroh alebo proteín, podľa toho čo je uvedené v recepte. Na záver môžete dochutiť štipkou"
,škorice.
,
,INGREDIENCIE
,3 a 1⁄2 PL špaldová krupica (42 g)
,2 dl sójové mlieko (200 g)
,2 PL vegánsky proteín napr. Weider brownie chocolate (20 g)
,2 ČL konopné semienka lúpané napr. Bio Nebio (7 g)
,4 ks mandle (4 g)
,Ďalšie ingrediencie:
,škorica (ak na prísady nie ste alergická)
,
,
,
59.,Banánové lievance
,10 min.
,Postup prípravy:
,Do misky dajte zelenší banán nakrájaný na väčšie kolieska a pridajte vajíčka. Všetko rozmixujte ponorným mixérom.
,"Rozohrejte panvicu, potrite olejom (len poprášte, veľmi málo), aby sa lievance neprilepovali. Na panvicu nalejte malú"
,"naberačku zmesi a po upečení spodnej časti otočte. Takto postupujte, až kým sa cesto neminie. Ak recept uvádza,"
,lievance zapite mliekom.
,
,INGREDIENCIE
,2 menší kus banány (130 g)
,2 a 1⁄2 dl sójové mlieko (250 g)
,1 ks slepačie vajce (55 g)
,1⁄2 ČL kokosový olej (2.5 g)
,NÁPOJE
,2 a 1⁄2 dl sójové mlieko (250 g)
,Ďalšie ingrediencie:
,škorica (ak na prísady nie ste alergická)
,
,
,
60.,Čučoriedkovo-pohánkové lievance
,15 min.
,Postup prípravy:
,Večer pohánku zalejte vodou a dajte na noc do chladničky. Ráno prelejte cez sitko a dajte do mixéra. Pridajte všetky
,"ostatné suroviny - bielky, banán, škoricu, sirup, stéviu, mlieko a soľ. Rozmixujte na homogénnu zmes. Prelejte do"
,"misky, pridajte čučoriedky. Zľahka premiešajte varechou. Rozohrejte panvicu, omastite lyžičkou kokosového oleja,"
,"pridajte dávku cesta. Pečte lievance. Podávajte ozdobené čučoriedkami, poliate sirupom."
,
,INGREDIENCIE
,1 a 1⁄2 PL pohanka nelúpaná (neuvarená) (37.5 g)
,1 a 1⁄2 ČL kokosový olej (7.5 g)
,3 ks vaječný bielok (99 g)
,1⁄2 stredný kus banány (45 g)
,6 x 5 bobúľ čučoriedky (54 g)
,1⁄2 dl sójové mlieko (50 g)
,1⁄2 PL čakankový sirup (9 g)
,Ďalšie ingrediencie:
,"škorica, soľ, stévia niekoľko kvapiek podľa chuti (ak na prísady nie ste alergická)"
,
,
,
61.,Jogurt s tvarohom a ovocím
,5 min.
,Postup prípravy:
,"Jednoduché jedlo pozostávajúce z orechov, jogurtu, tvarohu a ovocia. Orechy/semienka rozdrvte na malé kúsky a"
,"nasypte spolu s ovocím do misky s jogurtom a tvarohom. Na záver prisypte niekoľko goji, pomiešajte a konzumujte."
,
,INGREDIENCIE
,7 a 1⁄2 PL jogurt bielkovinový napr. Skyr Pilos (150 g)
,"4 a 1⁄2 PL tvaroh jemný hrudkovitý 2,5 % (76.5 g)"
,4 ks orechy vlašské (12 g)
,1⁄2 PL goji - kustovnica čínska (sušená) (6 g)
,4 x 5 bobúľ čučoriedky (36 g)
,3 ks jahody záhradné (39 g)
,Ďalšie ingrediencie:
,škorica (ak na prísady nie ste alergická)
,
,
,
62.,Pohánková omeleta s čučoriedkami
,30 min.
,Postup prírpavy:
,"Zmiešajte v miske metličkou múku, vajcia, mlieko, soľ, sódu bikarbónu a med (sirup). Ak je cesto príliš husté, pridajte"
,trochu vody. Na tanieri si roztlačte vidličkou čerstvé čučoriedky a polejte ich medom (sirupom). 2/3 čučoriedok
,pridajte do cesta. Zvyšok si rozmiešajte s tvarohom aj spolu s medom. Na oleji upečte omeletu. Naplňte tvarohovo-
,čučoriedkovou plnkou a preložte.
,
,INGREDIENCIE
,2 PL pohánková múka celozrnná (30 g)
,1 ks slepačie vajce (55 g)
,"3 PL tvaroh jemný hrudkovitý 2,5 % (51 g)"
,1 dl mandľové mlieko (100 g)
,1 a 1⁄2 ČL med včelí (10.5 g)
,4 x 5 bobúľ čučoriedky (36 g)
,Ďalšie ingrediencie:
,"štipka soli, štipka sódy bikarbóny (ak na prísady nie ste alergická)"
,
,
,
63.,Makovo-ovocné ovsené lievance
,15 min.
,Postup prípravy:
,"Ovocie nastrúhajte nahrubo. Ostatné ingrediencie si zmiešajte do hustejšieho cesta, pridajte nastrúhané ovocie a"
,"opekajte na panvici potretej zľahka tukom/olejom. Ak sa vám bude zdať cesto tuhšie pridajte pár lyžíc mlieka, ak"
,"riedke, pridajte múku. Na záver dozdobte čerstvým alebo mrazeným ovocím, posypte makom a pokvapkajte"
,sladidlom alebo medom.
,
,INGREDIENCIE
,2 PL ovsené vločky (22 g)
,1 ks slepačie vajce (55 g)
,1 a 1⁄2 PL špaldová múka polohrubá (22.5 g)
,1⁄2 PL - zarovnaná mak (7.5 g)
,1⁄2 ks broskyne (67.5 g)
,"1⁄2 PL ovos, klíčky (5 g)"
,1⁄2 PL čakankový sirup (9 g)
,Ďalšie ingrediencie:
,štipka soli (ak na prísady nie ste alergická)
,
,
,
64.,Quinoa kaša
,60 min.
,Postup prípravy:
,"Do hrnca nasypte quinoa vločky, pridajte pokrájané ovocie, tekvicové korenie, stéviu, soľ a vodu (podľa potreby,"
,"nemusíte sa riadiť množstvom vody, ktoré káže recept). Povarte. Stačí chvíľu, kaša bude rýchlo hustá. Ak chcete"
,"hustejšiu, povarte dlhšie, ak redšiu, pridajte vodu. Keď ju chcete hladkú, aby ste necítili kúsky ovocia, rozmixujte ju"
,pomocou ponorného mixéra niekoľko sekúnd. Rozmixované ovocie kašu ochutí a osladí. Dá sa aj odložiť v nádobke do
,"chladničky, ale najlepšia je čerstvá. V prípade, že sa v recepte vyskytujú aj orechy, rozmixujte ich a pridajte do kaše."
,"V prípade, že sa v recepte nachádza mlieko, vypite ho (nepoužije sa na prípravu receptu). Ak nemáte quinoa vločky,"
,"použite celú quinou, bude to trvať len o chvíľu dlhšie."
,
,INGREDIENCIE
,6 PL quinoa (60 g)
,12 ks mandle (12 g)
,2 x 5 bobúľ čučoriedky (18 g)
,1⁄2 PL čakankový sirup (9 g)
,70 ml voda (70 g)
,Ďalšie ingrediencie:
,"tekvicové korenie, muškátový orech, mletý sušený zázvor (štipka), mleté klinčeky, mleté korenie, sypká stévia, soľ -"
,z každého z korení len medzi prsty (ak na prísady nie ste alergická)
,
,
,
65.,Ovsené vločky so strúhaným jablkom a figami
,10 min.
,Postup prípravy:
,"Mleté ovsené vločky zalejte v miske vriacou vodou, zamiešajte. Keď vychladnú primiešajte nastrúhané jablko."
,"Nakoniec pridajte niekoľko fíg nakrájaných nadrobno, prípadne hrozienok. Do vzniknutej kaše pridajte olej, prípadne"
,"orechy (podľa toho, ako je uvedené v recepte), primiešajte škoricu a fenikel. Môžete posypať pomletými semienkami"
,- len ak sú v recepte uvedené.
,
,INGREDIENCIE
,4 a 1⁄2 PL ovsené vločky (49.5 g)
,2 kus sušené figy (20 g)
,1 ČL sezamový olej (5 g)
,1⁄2 x stredný kus jablká (70 g)
,1 ČL sezamové semená (3 g)
,Ďalšie ingrediencie:
,"škorica, fenikel (ak na prísady nie ste alergická)"
,
,
,
66.,Palacinky
,30 min.
,Postup prípravy:
,"Palacinky pripravte podľa receptu uvedeného nižšie. Hotovú palacinku potrite rovnomerne maslom, naplňte"
,tvarohom alebo džemom (podľa toho ako máte uvedené v recepte) a zrolujte. Prípadne môžete tvaroh/džem s
,maslom vymiešať a zmesou naplniť uvedené množstvo palaciniek.
,
,Postup prípravy - Palacinky:
,Suroviny spoločne rozmixujte do hladka a opečte na panvici. Dobrú chuť.
,
,INGREDIENCIE
,2 x palacinka Palacinky (114 g) 
,10 g mandľové maslo
,"3 PL tvaroh jemný hrudkovitý 2,5 % (51 g)"
,1⁄2 PL džem čučoriedkový (18.5 g)
,
,INGREDIENCIE - Palacinky
,2 a 1⁄2 dl mlieko polotučné (250 g)
,140 g pšeničná múka hladká
,2 ks slepačie vajce (110 g)
,15 g vanilkový cukor
,
,
,
67.,Muffiny
,30 min.
,Postup prípravy:
,"Muffiny pripravte podľa uvedeného receptu nižšie. V prípade, že recept uvádza mlieko, muffiny ním zapíjajte."
,
,Postup prípravy - Proteínové muffiny:
,Ovsené vločky rozmixujte na múku. V miske ich zmiešajte s roztlačenými banánmi a následne so všetkými ostatnými
, surovinami. Cesto dávkujte do foriem na muffiny (najlepšie silikónových). Muffiny pečte 20 - 25 minút na 200 stupňoch 
,"do zlatista. Konzumujte predpísané množstvo muffinov. Ingrediencie sú uvádzané v surovom stave pred tým, ako ich "
,dáte do rúry.
,
,INGREDIENCIE
,3 a 1⁄2 x kus Proteínové muffiny (140 g) 
,3 dl sójové mlieko (300 g)
,NÁPOJE
,3 dl sójové mlieko (300 g)
,
,INGREDIENCIE - Proteínové muffiny
,200 g ovsené vločky
,2 balenie jogurt bielkovinový napr. Skyr Pilos (280 g)
,2 ks banány (260 g)
,"2 dl mlieko polotučné 1,5 % (200 g)"
,4 PL med (72 g)
,2 ks slepačie vajce (110 g)
,8 g kypriaci prášok do pečiva
,6 ks orechy vlašské (18 g)
,2 x dávka vegánsky proteín napr. Weider brownie chocolate (60 g)
,
,
,
68.,Müsli s cottage cheese a ovocím
,10 min.
,Postup prípravy:
,Pri strednej teplote ľahko opražte na teflónovej panvici bez tuku celozrnné vločky (pozor - nesladené) a semienka
,"(orechy). Priebežne miešajte. Vločky a semienka (orechy) dajte do misky, prilejte trochu vody a nechajte asi 5 minút"
,"napučať. Medzitým očistite a umyte ovocie a nakrájajte na malé kúsky. Pokvapkajte citrónovou šťavou, pridajte med"
,(ak recept uvádza). Cottage cheese jemne vmiešajte do zmesi vločiek. Obložte kúskami ovocia a ozdobte niekoľkými
,lístkami čerstvej medovky.
,
,INGREDIENCIE
,4 a 1⁄2 PL ovsené vločky (49.5 g)
,1⁄2 x balenie cottage cheese (90 g)
,4 ks mandle (4 g)
,2 ks jahody záhradné (26 g)
,"Ďalšie ingrediencie: medovka (niekoľko listov), štipka mletého zázvoru alebo trocha strúhaného čerstvého zázvoru, "
,citrónová šťava (ak na prísady nie ste alergická)
,
,
,
69.,Raňajky s vločkami
,5 min.
,Postup prípravy:
,"Vločky nasypte do misky, zalejte studeným alebo teplým mliekom (jogurtom, ak ho máte v recepte uvedený) a"
,"pridajte ovocie. Na záver podrvte niekoľko orechov a vysypte do misky. Prilejte olej, len ak je v recepte uvedený. V"
,"prípade, že vločky pomaly mäknú alebo sa vám zdá, že jedlo má príliš hustú konzistenciu, prilejte trochu prevarenej"
,"vody. Ak je mlieka, ktorým máte vločky zaliať priveľa, zvyšok vypite ako nápoj."
,
,INGREDIENCIE
,5 a 1⁄2 PL ovsené vločky (60.5 g)
,"4 a 1⁄2 PL jogurt biely (min. 3,5 % tuku) (90 g)"
,2 ČL ľanové semená (6 g)
,4 ks jahody záhradné (52 g)
,1⁄2 ČL javorový sirup (2 g)
,Ďalšie ingrediencie:
,škorica (ak na prísady nie ste alergická)
,
,
,
70.,Celozrnné chrumkavé tortilly plnené ovocím
,15 min.
,Postup prípravy:
,Tortillu opečte na panvici až kým jemne zhnedne. Ovocie nakrájajte a krátko poduste (max. 2 min.) Opečte nasucho
,"sezamové semienka. Tortillu na tanieri naplňte ovocím, polejte džemom, sezamovým alebo olivovým olejom a"
,"posypte sezamom, prípadne kakaom, podľa toho ako uvádza recept. Pridajte tvaroh, ak je uvedené."
,
,Postup prípravy - Tortilla špaldová domáca:
,Všetky ingrediencie vypracujte v hladké tuhšie cesto pomocou elektrického robota alebo ručne. Vypracujte v miske
, bochník a cesto nechajte odpočinúť pod potravinovou fóliou aspoň 30 minút. Cesto si rozdeľte na 10 menších častí
, a každý kúsok ešte prepracujte a pomúčte. Cesto vyvaľkajte na 3 mm hrubú tortillu. Rozohrejte si nepriľnavú panvicu 
,"a tortillu opečte z každej strany 20 - 30 sekúnd. Hotové tortilly ukladajte do vlhkej utierky, aby vám nestvrdli."
,
,INGREDIENCIE
,1 ks Tortilla špaldová domáca (53 g) 
,1⁄2 x stredný kus hrušky (82.5 g)
,1 ČL sezamový olej (5 g)
,1⁄2 PL džem jahodový (18.5 g)
,1⁄2 ks broskyne (67.5 g)
,"1 a 1⁄2 PL tvaroh jemný hrudkovitý 2,5 % (25.5 g)"
,1 ČL sezamové semená (3 g)
,
,INGREDIENCIE - Tortilla špaldová domáca
,350 g špaldová celozrnná múka hladká napr. Biomilla
,150 ml voda (150 g)
,2 a 1⁄2 PL olivový olej (30 g)
,
,
,
71.,Jesenná tekvicová pšenová kaša
,10 min.
,Postup prípravy:
,"Maslovú alebo hokkaido tekvicu rozpoľte, zbavte semienok a dajte piecť na 45 minút na 190 stupňov. Keď je tekvica"
,"mäkká a vychladnutá, ošúpte ju a rozmixujte na pyré. Pyré môžete skladovať v chladničke alebo mrazničke. V malom"
,"hrnci zmiešajte pšeno s mliekom, medom, tekvicovým pyré, brusnicami a perníkovým korením. Môžete pridať"
,"aj semienka (ak sú v recepte uvedené). Kašu varte, kým pšeno nenasiakne všetko mlieko a nezhustne. Nakoniec"
,posypte orechami a podávajte ešte teplú.
,
,INGREDIENCIE
,35 g pšeno
,3 dl sójové mlieko (300 g)
,45 g tekvica Hokkaido
,5 ks mandle (5 g)
,1 ČL konopné semienka lúpané napr. Bio Nebio (3.5 g)
,1⁄2 porcia sušené brusnice (5 g)
,1⁄2 ČL med včelí (3.5 g)
,Ďalšie ingrediencie:
,perníkové korenie (ak na prísady nie ste alergická)